Dani Carvajal;Álvaro Morata
Nacho Fernández;Marc Cucurella;Robin Le Normand;Unai Simón;Fabián Ruiz
Fabián Ruiz;Álvaro Morata;Marc Cucurella
Lamine Yamal;Robin Le Normand;Rodri;Nacho Fernández;Dani Carvajal;Fabián Ruiz
Dani Carvajal;Pedri
Nacho Fernández;Pedri
Rodri;Nacho Fernández;Marc Cucurella;Robin Le Normand;Unai Simón
Robin Le Normand;Unai Simón;Marc Cucurella
Dani Carvajal;Unai Simón;Nacho Fernández;Marc Cucurella
Fabián Ruiz;Marc Cucurella
Lamine Yamal;Fabián Ruiz
Fabián Ruiz;Pedri
Robin Le Normand;Rodri;Nacho Fernández
Robin Le Normand;Rodri;Dani Carvajal
Lamine Yamal;Robin Le Normand;Rodri;Nacho Fernández;Marc Cucurella;Dani Carvajal
Dani Carvajal;Rodri;Nacho Fernández;Robin Le Normand
Rodri;Nacho Fernández;Robin Le Normand;Dani Carvajal;Fabián Ruiz
Fabián Ruiz;Dani Carvajal;Nico Williams;Robin Le Normand
Lamine Yamal;Rodri;Álvaro Morata
Robin Le Normand;Rodri;Dani Carvajal
Rodri;Pedri
Rodri;Pedri
Robin Le Normand;Rodri
Robin Le Normand;Nacho Fernández
Robin Le Normand;Dani Carvajal
Nacho Fernández;Álvaro Morata;Marc Cucurella;Dani Carvajal;Fabián Ruiz
Fabián Ruiz;Marc Cucurella
Robin Le Normand;Nacho Fernández;Fabián Ruiz;Dani Carvajal
Dani Carvajal;Lamine Yamal
Lamine Yamal;Rodri
Rodri;Nico Williams;Fabián Ruiz
Rodri;Nacho Fernández;Fabián Ruiz
Robin Le Normand;Dani Carvajal;Fabián Ruiz
Dani Carvajal;Nacho Fernández;Pedri
Nico Williams;Marc Cucurella
Robin Le Normand;Nico Williams
Rodri;Fabián Ruiz
Rodri;Nacho Fernández
Nacho Fernández;Marc Cucurella
Robin Le Normand;Unai Simón;Fabián Ruiz;Marc Cucurella
Pedri;Fabián Ruiz
Unai Simón;Nacho Fernández
Pedri;Marc Cucurella
Lamine Yamal;Pedri
Nico Williams;Marc Cucurella
Rodri;Fabián Ruiz
Robin Le Normand;Dani Carvajal;Fabián Ruiz;Lamine Yamal
Dani Carvajal;Pedri
Unai Simón;Pedri
Robin Le Normand;Unai Simón
Nacho Fernández;Marc Cucurella
Nacho Fernández;Unai Simón
Rodri;Nacho Fernández;Fabián Ruiz
Rodri;Nacho Fernández;Nico Williams;Marc Cucurella
Álvaro Morata;Marc Cucurella
Fabián Ruiz;Álvaro Morata
Lamine Yamal;Nico Williams;Fabián Ruiz
Robin Le Normand;Unai Simón;Nacho Fernández
Rodri;Fabián Ruiz;Álvaro Morata;Marc Cucurella
Unai Simón;Fabián Ruiz
Nacho Fernández;Fabián Ruiz;Marc Cucurella
Álvaro Morata;Marc Cucurella
Pedri;Marc Cucurella
Fabián Ruiz;Lamine Yamal;Pedri
Fabián Ruiz;Lamine Yamal;Pedri
Robin Le Normand;Unai Simón;Dani Carvajal
Dani Carvajal;Pedri
Lamine Yamal;Pedri
Dani Carvajal;Álvaro Morata
Pedri;Álvaro Morata
Dani Carvajal;Rodri
Rodri;Nacho Fernández;Nico Williams
Robin Le Normand;Nico Williams
Pedri;Marc Cucurella
Dani Carvajal;Pedri
Rodri;Pedri
Dani Carvajal;Rodri;Pedri
Rodri;Pedri
Lamine Yamal;Rodri
Lamine Yamal;Robin Le Normand;Rodri;Nacho Fernández;Dani Carvajal
Nico Williams;Nacho Fernández;Álvaro Morata;Marc Cucurella
Robin Le Normand;Nacho Fernández
Dani Carvajal;Rodri
Rodri;Nacho Fernández;Nico Williams;Marc Cucurella
Pedri;Nacho Fernández;Marc Cucurella;Robin Le Normand;Unai Simón;Fabián Ruiz
Nacho Fernández;Marc Cucurella
Unai Simón;Álvaro Morata
Dani Carvajal;Fabián Ruiz
Dani Carvajal;Nico Williams
Lamine Yamal;Nico Williams;Dani Carvajal;Fabián Ruiz
Rodri;Nacho Fernández;Álvaro Morata
Nacho Fernández;Marc Cucurella
Dani Carvajal;Lamine Yamal
Lamine Yamal;Unai Simón;Fabián Ruiz;Robin Le Normand
Robin Le Normand;Rodri
Robin Le Normand;Rodri;Marc Cucurella
Rodri;Marc Cucurella
Unai Simón;Marc Cucurella
Dani Carvajal;Unai Simón
Dani Carvajal;Robin Le Normand
Robin Le Normand;Lamine Yamal
Pedri;Álvaro Morata
Fabián Ruiz;Álvaro Morata;Marc Cucurella
Robin Le Normand;Rodri
Robin Le Normand;Fabián Ruiz
Robin Le Normand;Rodri;Unai Simón
Unai Simón;Marc Cucurella
Nico Williams;Marc Cucurella
Robin Le Normand;Rodri;Pedri
Robin Le Normand;Unai Simón;Fabián Ruiz;Marc Cucurella
Nico Williams;Nacho Fernández
Nico Williams;Pedri;Fabián Ruiz;Álvaro Morata
Lamine Yamal;Pedri
Lamine Yamal;Nico Williams
Lamine Yamal;Álvaro Morata
Nacho Fernández;Álvaro Morata
Nico Williams;Nacho Fernández;Marc Cucurella
Dani Carvajal;Nico Williams;Fabián Ruiz;Lamine Yamal
Dani Carvajal;Robin Le Normand
Robin Le Normand;Nacho Fernández
Lamine Yamal;Nacho Fernández;Unai Simón
Lamine Yamal;Nico Williams
Nico Williams;Fabián Ruiz
Dani Carvajal;Nico Williams;Marc Cucurella
Nico Williams;Fabián Ruiz
Rodri;Nico Williams;Pedri;Marc Cucurella
Rodri;Nacho Fernández
Rodri;Nacho Fernández
Nacho Fernández;Marc Cucurella
Dani Carvajal;Unai Simón;Robin Le Normand
Robin Le Normand;Rodri;Dani Carvajal
Rodri;Nacho Fernández
Rodri;Nacho Fernández;Marc Cucurella;Robin Le Normand;Dani Carvajal;Fabián Ruiz
Robin Le Normand;Rodri;Unai Simón;Dani Carvajal
Dani Carvajal;Unai Simón;Marc Cucurella
Rodri;Nacho Fernández
Nacho Fernández;Marc Cucurella
Lamine Yamal;Robin Le Normand;Rodri;Nacho Fernández;Álvaro Morata;Dani Carvajal;Fabián Ruiz
Unai Simón;Marc Cucurella
Dani Carvajal;Unai Simón;Robin Le Normand
Unai Simón;Mikel Merino
Dani Olmo;Mikel Merino
Nacho Fernández;Fabián Ruiz
Robin Le Normand;Fabián Ruiz
Dani Carvajal;Fabián Ruiz
Unai Simón;Fabián Ruiz
Unai Simón;Mikel Merino
Marc Cucurella;Dani Olmo;Fabián Ruiz;Mikel Merino
Mikel Merino;Rodri;Nacho Fernández;Marc Cucurella;Dani Carvajal;Fabián Ruiz
Rodri;Mikel Merino
Robin Le Normand;Rodri;Marc Cucurella;Nacho Fernández;Dani Olmo;Dani Carvajal;Unai Simón;Fabián Ruiz
Nacho Fernández;Fabián Ruiz
Dani Carvajal;Lamine Yamal
Dani Carvajal;Rodri;Fabián Ruiz
Rodri;Dani Olmo;Marc Cucurella
Rodri;Dani Olmo
Mikel Merino;Dani Olmo
Rodri;Unai Simón;Dani Olmo
Rodri;Fabián Ruiz
Mikel Oyarzabal;Rodri
Mikel Oyarzabal;Lamine Yamal;Mikel Merino;Rodri;Dani Carvajal
Dani Carvajal;Rodri;Nacho Fernández;Robin Le Normand
Nacho Fernández;Dani Olmo
Rodri;Nacho Fernández;Mikel Merino
Rodri;Marc Cucurella;Dani Olmo;Mikel Merino
Rodri;Marc Cucurella
Nacho Fernández;Mikel Merino;Marc Cucurella
Dani Olmo;Mikel Merino
Robin Le Normand;Nacho Fernández
Robin Le Normand;Unai Simón
Robin Le Normand;Dani Carvajal
Dani Carvajal;Mikel Oyarzabal
Mikel Oyarzabal;Dani Carvajal;Fabián Ruiz
Dani Olmo;Mikel Merino
Rodri;Marc Cucurella;Fabián Ruiz;Dani Olmo
Robin Le Normand;Unai Simón;Fabián Ruiz
Dani Carvajal;Rodri;Fabián Ruiz;Lamine Yamal
Rodri;Fabián Ruiz
Rodri;Nacho Fernández
Nacho Fernández;Unai Simón
Dani Carvajal;Rodri
Rodri;Fabián Ruiz
Rodri;Nacho Fernández
Nacho Fernández;Dani Olmo
Dani Carvajal;Fabián Ruiz
Robin Le Normand;Fabián Ruiz
Mikel Oyarzabal;Martín Zubimendi
Mikel Oyarzabal;Dani Carvajal
Ferran Torres;Mikel Oyarzabal;Fabián Ruiz
Marc Cucurella;Nacho Fernández;Dani Olmo
Nacho Fernández;Unai Simón;Marc Cucurella
Martín Zubimendi;Nacho Fernández;Dani Carvajal;Unai Simón;Fabián Ruiz
Nacho Fernández;Dani Olmo;Marc Cucurella
Dani Carvajal;Nacho Fernández;Fabián Ruiz;Martín Zubimendi
Dani Carvajal;Unai Simón;Robin Le Normand
Ferran Torres;Robin Le Normand
Dani Olmo;Martín Zubimendi
Mikel Merino;Dani Olmo
Ferran Torres;Martín Zubimendi;Nacho Fernández;Dani Olmo
Robin Le Normand;Fabián Ruiz;Martín Zubimendi
Mikel Oyarzabal;Dani Olmo
Fabián Ruiz;Martín Zubimendi
Ferran Torres;Dani Carvajal
Rodri;Nico Williams;Pedri
Rodri;Pedri
Lamine Yamal;Rodri;Fabián Ruiz
Nico Williams;Pedri;Fabián Ruiz;Marc Cucurella
Lamine Yamal;Nico Williams
Robin Le Normand;Aymeric Laporte;Rodri;Nico Williams;Marc Cucurella;Dani Carvajal;Fabián Ruiz
Lamine Yamal;Aymeric Laporte;Pedri;Marc Cucurella;Robin Le Normand;Dani Carvajal
Robin Le Normand;Rodri;Dani Carvajal;Pedri
Aymeric Laporte;Rodri;Pedri;Marc Cucurella
Lamine Yamal;Aymeric Laporte;Rodri;Álvaro Morata;Dani Carvajal
Rodri;Fabián Ruiz;Marc Cucurella
Dani Carvajal;Fabián Ruiz;Lamine Yamal
Aymeric Laporte;Rodri
Dani Carvajal;Rodri;Pedri
Aymeric Laporte;Pedri
Aymeric Laporte;Robin Le Normand;Unai Simón;Marc Cucurella
Nico Williams;Unai Simón;Pedri;Álvaro Morata
Nico Williams;Fabián Ruiz;Marc Cucurella
Nico Williams;Fabián Ruiz;Rodri
Rodri;Nico Williams;Fabián Ruiz
Nico Williams;Marc Cucurella
Aymeric Laporte;Fabián Ruiz;Marc Cucurella
Aymeric Laporte;Robin Le Normand;Dani Carvajal
Dani Carvajal;Robin Le Normand
Aymeric Laporte;Robin Le Normand
Aymeric Laporte;Álvaro Morata;Robin Le Normand;Dani Carvajal;Unai Simón
Rodri;Álvaro Morata
Rodri;Nico Williams;Marc Cucurella
Aymeric Laporte;Rodri;Nico Williams;Robin Le Normand;Unai Simón;Fabián Ruiz
Pedri;Álvaro Morata
Aymeric Laporte;Robin Le Normand;Rodri;Fabián Ruiz
Robin Le Normand;Pedri;Fabián Ruiz;Lamine Yamal
Rodri;Fabián Ruiz;Álvaro Morata
Aymeric Laporte;Fabián Ruiz
Lamine Yamal;Robin Le Normand;Aymeric Laporte;Rodri;Marc Cucurella;Dani Carvajal;Fabián Ruiz
Lamine Yamal;Aymeric Laporte;Rodri;Marc Cucurella;Robin Le Normand;Dani Carvajal
Lamine Yamal;Aymeric Laporte;Rodri;Robin Le Normand;Dani Carvajal
Lamine Yamal;Robin Le Normand;Aymeric Laporte;Marc Cucurella;Dani Carvajal
Álvaro Morata;Marc Cucurella
Aymeric Laporte;Rodri;Nico Williams;Robin Le Normand;Dani Carvajal;Fabián Ruiz
Aymeric Laporte;Rodri;Pedri
Dani Carvajal;Pedri;Fabián Ruiz
Dani Carvajal;Fabián Ruiz
Rodri;Fabián Ruiz
Rodri;Pedri;Fabián Ruiz
Fabián Ruiz;Robin Le Normand;Pedri
Fabián Ruiz;Robin Le Normand;Dani Carvajal;Pedri
Rodri;Nico Williams;Fabián Ruiz;Marc Cucurella
Rodri;Fabián Ruiz
Aymeric Laporte;Rodri;Fabián Ruiz
Rodri;Fabián Ruiz
Aymeric Laporte;Rodri;Marc Cucurella;Robin Le Normand;Dani Carvajal
Robin Le Normand;Álvaro Morata
Aymeric Laporte;Dani Carvajal;Álvaro Morata;Marc Cucurella;Robin Le Normand;Unai Simón
Dani Carvajal;Rodri;Robin Le Normand
Robin Le Normand;Unai Simón;Álvaro Morata
Dani Carvajal;Rodri;Pedri
Aymeric Laporte;Rodri;Pedri;Marc Cucurella;Dani Carvajal
Aymeric Laporte;Robin Le Normand;Lamine Yamal
Rodri;Marc Cucurella
Aymeric Laporte;Rodri;Pedri;Robin Le Normand;Fabián Ruiz
Dani Carvajal;Rodri;Lamine Yamal
Lamine Yamal;Fabián Ruiz
Robin Le Normand;Rodri;Fabián Ruiz
Lamine Yamal;Nico Williams;Fabián Ruiz
Nico Williams;Fabián Ruiz
Aymeric Laporte;Rodri;Pedri;Dani Carvajal;Marc Cucurella;Robin Le Normand;Unai Simón;Fabián Ruiz
Rodri;Pedri
Unai Simón;Marc Cucurella
Rodri;Nico Williams;Fabián Ruiz;Álvaro Morata
Rodri;Pedri;Fabián Ruiz
Lamine Yamal;Rodri;Dani Carvajal;Fabián Ruiz
Lamine Yamal;Aymeric Laporte;Rodri;Marc Cucurella;Robin Le Normand;Fabián Ruiz
Nico Williams;Fabián Ruiz;Marc Cucurella
Nico Williams;Fabián Ruiz;Álvaro Morata
Aymeric Laporte;Rodri;Marc Cucurella
Fabián Ruiz;Marc Cucurella
Fabián Ruiz;Marc Cucurella
Aymeric Laporte;Unai Simón;Marc Cucurella
Aymeric Laporte;Nico Williams;Marc Cucurella;Robin Le Normand;Dani Carvajal;Fabián Ruiz
Rodri;Nico Williams;Marc Cucurella;Dani Carvajal;Fabián Ruiz
Aymeric Laporte;Rodri;Pedri;Marc Cucurella;Fabián Ruiz
Nico Williams;Fabián Ruiz
Nico Williams;Fabián Ruiz
Rodri;Marc Cucurella
Aymeric Laporte;Rodri;Fabián Ruiz;Marc Cucurella
Robin Le Normand;Rodri;Nico Williams;Fabián Ruiz
Nico Williams;Fabián Ruiz
Robin Le Normand;Pedri;Lamine Yamal
Lamine Yamal;Rodri;Dani Carvajal
Aymeric Laporte;Rodri
Aymeric Laporte;Nico Williams
Nico Williams;Pedri
Aymeric Laporte;Robin Le Normand;Unai Simón;Marc Cucurella
Robin Le Normand;Unai Simón;Pedri
Lamine Yamal;Nico Williams;Rodri
Lamine Yamal;Dani Carvajal
Lamine Yamal;Aymeric Laporte;Rodri;Nico Williams;Marc Cucurella;Dani Carvajal;Fabián Ruiz
Aymeric Laporte;Pedri;Nico Williams;Dani Carvajal;Unai Simón
Pedri;Álvaro Morata
Aymeric Laporte;Dani Carvajal;Fabián Ruiz
Aymeric Laporte;Rodri;Dani Carvajal;Robin Le Normand;Unai Simón
Dani Carvajal;Rodri
Aymeric Laporte;Rodri
Pedri;Fabián Ruiz
Aymeric Laporte;Unai Simón
Dani Carvajal;Rodri
Lamine Yamal;Nico Williams
Aymeric Laporte;Pedri
Robin Le Normand;Nico Williams;Unai Simón
Rodri;Álvaro Morata
Lamine Yamal;Rodri;Pedri;Robin Le Normand;Dani Carvajal;Fabián Ruiz
Lamine Yamal;Pedri
Rodri;Pedri
Aymeric Laporte;Rodri;Marc Cucurella;Robin Le Normand;Fabián Ruiz
Dani Carvajal;Fabián Ruiz
Dani Carvajal;Pedri;Lamine Yamal
Dani Carvajal;Rodri
Lamine Yamal;Pedri;Marc Cucurella
Nico Williams;Fabián Ruiz
Robin Le Normand;Rodri;Nico Williams;Marc Cucurella;Dani Carvajal;Fabián Ruiz
Aymeric Laporte;Rodri;Marc Cucurella;Robin Le Normand;Dani Carvajal
Dani Carvajal;Pedri
Lamine Yamal;Pedri
Pedri;Dani Carvajal;Robin Le Normand;Unai Simón;Fabián Ruiz
Lamine Yamal;Rodri;Pedri;Nico Williams;Marc Cucurella;Fabián Ruiz
Nico Williams;Rodri
Aymeric Laporte;Rodri;Nico Williams;Marc Cucurella;Fabián Ruiz
Pedri;Fabián Ruiz;Marc Cucurella
Aymeric Laporte;Rodri;Unai Simón
Aymeric Laporte;Rodri;Nico Williams;Marc Cucurella;Unai Simón;Fabián Ruiz
Dani Carvajal;Rodri;Fabián Ruiz;Lamine Yamal
Rodri;Nico Williams;Álvaro Morata;Marc Cucurella;Dani Carvajal
Aymeric Laporte;Robin Le Normand;Rodri
Robin Le Normand;Unai Simón
Lamine Yamal;Pedri
Rodri;Pedri;Nico Williams;Marc Cucurella;Fabián Ruiz
Rodri;Fabián Ruiz
Aymeric Laporte;Rodri;Fabián Ruiz
Rodri;Pedri
Aymeric Laporte;Robin Le Normand;Unai Simón;Marc Cucurella
Aymeric Laporte;Unai Simón;Fabián Ruiz;Marc Cucurella
Pedri;Fabián Ruiz
Pedri;Álvaro Morata
Robin Le Normand;Nico Williams
Dani Carvajal;Marc Cucurella
Unai Simón;Marc Cucurella
Unai Simón;Fabián Ruiz
Aymeric Laporte;Rodri;Pedri;Robin Le Normand;Unai Simón;Fabián Ruiz
Robin Le Normand;Unai Simón
Dani Carvajal;Pedri
Fabián Ruiz;Pedri
Rodri;Fabián Ruiz
Aymeric Laporte;Robin Le Normand;Rodri;Fabián Ruiz
Lamine Yamal;Fabián Ruiz
Dani Carvajal;Lamine Yamal
Lamine Yamal;Pedri
Lamine Yamal;Robin Le Normand;Aymeric Laporte;Rodri;Pedri;Nico Williams;Marc Cucurella;Dani Carvajal;Unai Simón
Aymeric Laporte;Rodri;Unai Simón;Álvaro Morata
Aymeric Laporte;Rodri
Aymeric Laporte;Nico Williams
Robin Le Normand;Fabián Ruiz
Aymeric Laporte;Rodri;Fabián Ruiz
Rodri;Pedri
Aymeric Laporte;Pedri
Aymeric Laporte;Rodri;Pedri;Robin Le Normand;Dani Carvajal;Fabián Ruiz
Aymeric Laporte;Pedri;Álvaro Morata;Robin Le Normand;Fabián Ruiz
Robin Le Normand;Aymeric Laporte;Rodri;Nico Williams;Marc Cucurella;Dani Carvajal;Fabián Ruiz
Rodri;Fabián Ruiz
Dani Carvajal;Álvaro Morata
Aymeric Laporte;Nico Williams;Unai Simón
Nico Williams;Pedri;Rodri
Robin Le Normand;Dani Carvajal;Fabián Ruiz;Marc Cucurella
Robin Le Normand;Rodri
Rodri;Fabián Ruiz
Lamine Yamal;Fabián Ruiz
Lamine Yamal;Dani Carvajal;Fabián Ruiz
Rodri;Nico Williams;Fabián Ruiz;Marc Cucurella
Aymeric Laporte;Rodri;Marc Cucurella;Alejandro Baena;Dani Carvajal;Fabián Ruiz
Robin Le Normand;Aymeric Laporte;Nico Williams;Marc Cucurella;Dani Carvajal
Nico Williams;Fabián Ruiz
Nico Williams;Fabián Ruiz;Marc Cucurella
Ferran Torres;Aymeric Laporte;Nico Williams;Marc Cucurella;Robin Le Normand;Dani Carvajal
Ferran Torres;Marc Cucurella
Ferran Torres;Rodri;Ayoze Pérez;Alejandro Baena
Ferran Torres;Aymeric Laporte;Alejandro Baena
Aymeric Laporte;Unai Simón
Aymeric Laporte;Rodri;Marc Cucurella;Unai Simón;Fabián Ruiz
Aymeric Laporte;Unai Simón;Marc Cucurella
Ferran Torres;Dani Carvajal;Alejandro Baena;Robin Le Normand;Unai Simón
Ferran Torres;Alejandro Baena
Ferran Torres;Dani Carvajal
Aymeric Laporte;Unai Simón;Ayoze Pérez
Ayoze Pérez;Ferran Torres;Alejandro Baena
Ayoze Pérez;Rodri;Fabián Ruiz;Marc Cucurella
Aymeric Laporte;Rodri;Fabián Ruiz
Aymeric Laporte;Marc Cucurella
Aymeric Laporte;Rodri;Marc Cucurella;Robin Le Normand;Fabián Ruiz
Ayoze Pérez;Fabián Ruiz
Dani Carvajal;Alejandro Baena
Dani Carvajal;Rodri;Fabián Ruiz
Aymeric Laporte;Rodri;Robin Le Normand;Dani Carvajal;Fabián Ruiz
Ayoze Pérez;Marc Cucurella
Ayoze Pérez;Fabián Ruiz
Aymeric Laporte;Fabián Ruiz
Robin Le Normand;Dani Carvajal;Alejandro Baena;Marc Cucurella
Robin Le Normand;Unai Simón
Aymeric Laporte;Unai Simón
Ayoze Pérez;Alejandro Baena;Marc Cucurella
Mikel Oyarzabal;Alejandro Baena
Ferran Torres;Martín Zubimendi
Ferran Torres;Jesús Navas
Daniel Vivian;Jesús Navas
Aymeric Laporte;David Raya;Alejandro Grimaldo;Jesús Navas
David Raya;Martín Zubimendi
Aymeric Laporte;Jesús Navas;Daniel Vivian;Martín Zubimendi
David Raya;Mikel Oyarzabal;Alejandro Grimaldo;Aymeric Laporte;Daniel Vivian;Joselu;Jesús Navas
Aymeric Laporte;David Raya;Daniel Vivian;Dani Olmo
Aymeric Laporte;Daniel Vivian;Dani Olmo
Aymeric Laporte;Joselu;Daniel Vivian;Jesús Navas
Joselu;Jesús Navas
Daniel Vivian;Dani Olmo
Martín Zubimendi;Aymeric Laporte;Mikel Merino;Daniel Vivian;Jesús Navas
Daniel Vivian;Jesús Navas
Aymeric Laporte;David Raya;Daniel Vivian;Jesús Navas
Mikel Oyarzabal;Alejandro Grimaldo
David Raya;Alejandro Grimaldo;Mikel Oyarzabal;Martín Zubimendi;Aymeric Laporte;Mikel Merino;Daniel Vivian;Jesús Navas;Dani Olmo
Ferran Torres;Dani Olmo
Mikel Merino;Jesús Navas
Aymeric Laporte;Alejandro Grimaldo;Joselu
Aymeric Laporte;Ferran Torres;Daniel Vivian;Dani Olmo
Aymeric Laporte;Alejandro Grimaldo;Daniel Vivian;Jesús Navas
Aymeric Laporte;Alejandro Grimaldo
Alejandro Grimaldo;Mikel Merino;Aymeric Laporte;Martín Zubimendi;Daniel Vivian
Mikel Oyarzabal;Alejandro Grimaldo;Mikel Merino;Martín Zubimendi;Daniel Vivian;Joselu;Jesús Navas
Ferran Torres;Jesús Navas
Ferran Torres;Alejandro Grimaldo;Martín Zubimendi;Mikel Merino;Aymeric Laporte;Dani Olmo
Ferran Torres;Aymeric Laporte;Alejandro Grimaldo;Martín Zubimendi
Ferran Torres;Mikel Oyarzabal;Alejandro Grimaldo;Martín Zubimendi;Aymeric Laporte;Mikel Merino;Daniel Vivian;Dani Olmo;Jesús Navas
Martín Zubimendi;Aymeric Laporte;Mikel Merino;Daniel Vivian;Dani Olmo
Daniel Vivian;Martín Zubimendi
Aymeric Laporte;Mikel Oyarzabal;Dani Olmo
Alejandro Grimaldo;Dani Olmo;Daniel Vivian;Mikel Merino
Alejandro Grimaldo;Mikel Merino
Joselu;Daniel Vivian
Aymeric Laporte;Mikel Oyarzabal
Mikel Oyarzabal;Dani Olmo;Mikel Merino
Mikel Oyarzabal;Alejandro Grimaldo;Mikel Merino;Aymeric Laporte;Martín Zubimendi;Daniel Vivian
Alejandro Grimaldo;Daniel Vivian
Ferran Torres;Martín Zubimendi;Aymeric Laporte;Daniel Vivian;Jesús Navas;Dani Olmo
Ferran Torres;Martín Zubimendi
Ferran Torres;Dani Olmo;Daniel Vivian;Martín Zubimendi
Mikel Oyarzabal;Mikel Merino
Joselu;Daniel Vivian
Aymeric Laporte;David Raya
Aymeric Laporte;David Raya;Martín Zubimendi
Aymeric Laporte;David Raya;Jesús Navas;Martín Zubimendi
Ferran Torres;Jesús Navas
Mikel Oyarzabal;Martín Zubimendi;Aymeric Laporte;Mikel Merino;Daniel Vivian;Jesús Navas
Alejandro Grimaldo;Mikel Merino
Martín Zubimendi;Aymeric Laporte;Mikel Merino;Daniel Vivian;Jesús Navas
Ferran Torres;Dani Olmo;Mikel Merino
Ferran Torres;Mikel Oyarzabal;Alejandro Grimaldo
Mikel Oyarzabal;Martín Zubimendi
Ferran Torres;David Raya;Alejandro Grimaldo;Martín Zubimendi;Aymeric Laporte;Mikel Merino;Daniel Vivian;Jesús Navas;Dani Olmo
Dani Olmo;Jesús Navas
David Raya;Daniel Vivian;Mikel Merino
Ferran Torres;David Raya;Alejandro Grimaldo;Mikel Oyarzabal;Mikel Merino;Daniel Vivian
Mikel Oyarzabal;Alejandro Grimaldo;Martín Zubimendi;Mikel Merino;Aymeric Laporte;Daniel Vivian;Dani Olmo;Jesús Navas
Alejandro Grimaldo;Mikel Merino
Alejandro Grimaldo;Mikel Merino
Alejandro Grimaldo;Mikel Merino;Martín Zubimendi;Daniel Vivian;Jesús Navas
Martín Zubimendi;Alejandro Grimaldo;Ferran Torres;Mikel Merino
Aymeric Laporte;David Raya;Daniel Vivian;Jesús Navas
Ferran Torres;Alejandro Grimaldo;Martín Zubimendi
Ferran Torres;Dani Olmo
Ferran Torres;Alejandro Grimaldo
David Raya;Alejandro Grimaldo;Martín Zubimendi;Daniel Vivian;Jesús Navas
Mikel Oyarzabal;Alejandro Grimaldo;Mikel Merino;Aymeric Laporte;Daniel Vivian
Aymeric Laporte;David Raya;Alejandro Grimaldo;Mikel Merino
Joselu;Daniel Vivian;Martín Zubimendi
Alejandro Grimaldo;Daniel Vivian;Joselu;Dani Olmo;Robin Le Normand
Robin Le Normand;Alejandro Grimaldo
Alejandro Grimaldo;Mikel Merino;Jesús Navas;Dani Olmo;Robin Le Normand
Mikel Oyarzabal;Alejandro Grimaldo;Martín Zubimendi;Daniel Vivian;Joselu;Jesús Navas
Daniel Vivian;Mikel Merino
Dani Olmo;Mikel Merino
Joselu;Mikel Oyarzabal;Mikel Merino
Mikel Oyarzabal;Alejandro Grimaldo;Dani Olmo;Mikel Merino
Ferran Torres;David Raya;Martín Zubimendi;Jesús Navas;Robin Le Normand
Ferran Torres;Mikel Merino;Jesús Navas
Dani Olmo;Jesús Navas
Mikel Merino;Daniel Vivian;Martín Zubimendi
David Raya;Alejandro Grimaldo;Martín Zubimendi;Mikel Merino;Daniel Vivian;Joselu;Dani Olmo;Robin Le Normand
Mikel Merino;Martín Zubimendi
Joselu;Mikel Merino
Joselu;Alejandro Grimaldo;Mikel Merino;Martín Zubimendi
David Raya;Alejandro Grimaldo;Mikel Merino;Martín Zubimendi;Daniel Vivian;Jesús Navas;Dani Olmo;Robin Le Normand
Joselu;Robin Le Normand;Alejandro Grimaldo;Mikel Merino
Martín Zubimendi;Jesús Navas;Mikel Merino
Mikel Oyarzabal;Martín Zubimendi;Mikel Merino;Daniel Vivian;Robin Le Normand
Mikel Oyarzabal;Alejandro Grimaldo;Mikel Merino;Dani Olmo;Robin Le Normand
David Raya;Alejandro Grimaldo;Martín Zubimendi;Daniel Vivian;Jesús Navas;Dani Olmo;Robin Le Normand
Mikel Oyarzabal;Alejandro Grimaldo
Ferran Torres;Mikel Merino
Martín Zubimendi;Mikel Oyarzabal;Jesús Navas
Ferran Torres;Mikel Oyarzabal;Alejandro Grimaldo;Mikel Merino;Martín Zubimendi;Daniel Vivian;Joselu;Dani Olmo;Robin Le Normand
Robin Le Normand;Mikel Oyarzabal;Dani Olmo
Mikel Oyarzabal;Daniel Vivian
David Raya;Alejandro Grimaldo;Robin Le Normand
David Raya;Alejandro Grimaldo;Martín Zubimendi;Daniel Vivian;Robin Le Normand;Fermin Lopez
Joselu;David Raya
Robin Le Normand;Daniel Vivian
Robin Le Normand;Mikel Merino;David Raya
Alejandro Grimaldo;Mikel Merino
Alejandro Grimaldo;Mikel Merino
Ferran Torres;David Raya;Alejandro Grimaldo;Mikel Merino;Jesús Navas;Fermin Lopez
Fermin Lopez;Mikel Merino
Martín Zubimendi;Mikel Merino
Daniel Vivian;Martín Zubimendi
Robin Le Normand;Alejandro Grimaldo;Daniel Vivian;Dani Olmo
Robin Le Normand;Alejandro Grimaldo;Martín Zubimendi
Lamine Yamal;Martín Zubimendi
Lamine Yamal;Fermin Lopez
Fermin Lopez;Jesús Navas
Alejandro Grimaldo;Dani Olmo
Alejandro Grimaldo;Martín Zubimendi;Daniel Vivian;Álvaro Morata;Robin Le Normand
Alejandro Grimaldo;Mikel Merino;Daniel Vivian;Jesús Navas;Robin Le Normand
Martín Zubimendi;Mikel Merino;Álvaro Morata;Jesús Navas
Álvaro Morata;Mikel Merino
Martín Zubimendi;Alejandro Grimaldo;Dani Olmo;Mikel Merino
Alejandro Grimaldo;Dani Olmo
Robin Le Normand;Alejandro Grimaldo;Martín Zubimendi
Lamine Yamal;Fermin Lopez
Robin Le Normand;Mikel Merino;Martín Zubimendi
Martín Zubimendi;Jesús Navas;Daniel Vivian;Mikel Merino
Lamine Yamal;Álvaro Morata;Martín Zubimendi
Lamine Yamal;Fermin Lopez;Jesús Navas;Mikel Merino
David Raya;Mikel Merino
Fermin Lopez;Martín Zubimendi
David Raya;Alejandro Grimaldo;Robin Le Normand;Mikel Merino
Alejandro Grimaldo;Martín Zubimendi;Mikel Merino;Álvaro Morata;Dani Olmo
Alejandro Grimaldo;Álvaro Morata
Álvaro Morata;Fermin Lopez;Daniel Vivian;Mikel Merino
Lamine Yamal;Fermin Lopez
Lamine Yamal;Fermin Lopez
David Raya;Alejandro Grimaldo;Robin Le Normand;Martín Zubimendi
David Raya;Lamine Yamal;Jesús Navas
Lamine Yamal;Alejandro Grimaldo;Martín Zubimendi
Alejandro Grimaldo;Mikel Merino;Daniel Vivian;Dani Olmo;Robin Le Normand
Lamine Yamal;Robin Le Normand;Daniel Vivian
David Raya;Álvaro Morata
Alejandro Grimaldo;Mikel Merino;Alejandro Baena
Martín Zubimendi;Mikel Merino;Daniel Vivian;Alejandro Baena;Robin Le Normand
David Raya;Robin Le Normand;Daniel Vivian
Mikel Merino;Fermin Lopez;Alejandro Baena
Alejandro Baena;Mikel Merino
Martín Zubimendi;Alejandro Baena
Alejandro Grimaldo;Martín Zubimendi
Robin Le Normand;Alejandro Grimaldo;David Raya
David Raya;Fermin Lopez;Alejandro Baena
David Raya;Daniel Vivian;Jesús Navas
Lamine Yamal;Martín Zubimendi
Álvaro Morata;Jesús Navas
Álvaro Morata;Jesús Navas
Lamine Yamal;Jesús Navas
Alejandro Grimaldo;Álvaro Morata
Alejandro Grimaldo;Martín Zubimendi;Álvaro Morata;Alejandro Baena;Fermin Lopez
Lamine Yamal;Fermin Lopez
Alejandro Grimaldo;Alejandro Baena
Aymeric Laporte;Rodri;Nico Williams;Álvaro Morata;Marc Cucurella;Robin Le Normand;Dani Carvajal
Aymeric Laporte;Fabián Ruiz
Rodri;Fabián Ruiz
Aymeric Laporte;Rodri;Nico Williams;Marc Cucurella;Dani Carvajal;Fabián Ruiz
Lamine Yamal;Aymeric Laporte;Pedri;Nico Williams;Robin Le Normand;Dani Carvajal
Aymeric Laporte;Fabián Ruiz;Marc Cucurella
Lamine Yamal;Aymeric Laporte;Rodri;Nico Williams;Marc Cucurella;Robin Le Normand;Dani Carvajal
Aymeric Laporte;Rodri;Marc Cucurella
Aymeric Laporte;Marc Cucurella
Rodri;Marc Cucurella
Lamine Yamal;Rodri
Lamine Yamal;Dani Carvajal;Pedri
Aymeric Laporte;Rodri;Marc Cucurella;Robin Le Normand;Dani Carvajal;Fabián Ruiz
Aymeric Laporte;Nico Williams;Marc Cucurella
Dani Carvajal;Pedri;Lamine Yamal
Lamine Yamal;Rodri
Rodri;Nico Williams;Fabián Ruiz
Aymeric Laporte;Robin Le Normand
Robin Le Normand;Unai Simón
Rodri;Unai Simón;Nico Williams;Marc Cucurella
Rodri;Pedri;Marc Cucurella
Robin Le Normand;Pedri;Lamine Yamal
Aymeric Laporte;Rodri;Pedri;Nico Williams;Marc Cucurella;Robin Le Normand;Dani Carvajal;Fabián Ruiz
Lamine Yamal;Nico Williams
Dani Carvajal;Fabián Ruiz;Marc Cucurella
Aymeric Laporte;Robin Le Normand
Aymeric Laporte;Pedri;Nico Williams;Marc Cucurella;Robin Le Normand;Unai Simón;Fabián Ruiz
Dani Carvajal;Nico Williams
Lamine Yamal;Nico Williams
Aymeric Laporte;Rodri;Pedri;Marc Cucurella;Fabián Ruiz
Lamine Yamal;Rodri;Nico Williams;Fabián Ruiz
Lamine Yamal;Fabián Ruiz
Lamine Yamal;Aymeric Laporte;Rodri;Pedri;Fabián Ruiz
Lamine Yamal;Aymeric Laporte;Rodri;Nico Williams;Marc Cucurella;Dani Carvajal
Aymeric Laporte;Dani Carvajal;Rodri
Dani Carvajal;Rodri;Robin Le Normand
Lamine Yamal;Aymeric Laporte;Rodri;Pedri;Nico Williams;Marc Cucurella;Dani Carvajal;Fabián Ruiz
Rodri;Nico Williams;Marc Cucurella
Rodri;Fabián Ruiz;Marc Cucurella
Rodri;Marc Cucurella
Lamine Yamal;Aymeric Laporte;Nico Williams;Marc Cucurella;Robin Le Normand;Unai Simón
Aymeric Laporte;Lamine Yamal
Rodri;Pedri
Lamine Yamal;Rodri;Álvaro Morata
Lamine Yamal;Rodri;Dani Carvajal
Lamine Yamal;Rodri;Marc Cucurella
Lamine Yamal;Pedri
Robin Le Normand;Pedri;Lamine Yamal
Fabián Ruiz;Nico Williams;Pedri
Dani Carvajal;Rodri;Robin Le Normand
Aymeric Laporte;Rodri;Pedri
Aymeric Laporte;Rodri;Marc Cucurella
Rodri;Fabián Ruiz
Dani Carvajal;Pedri;Fabián Ruiz;Lamine Yamal
Rodri;Pedri
Fabián Ruiz;Pedri;Álvaro Morata
Lamine Yamal;Robin Le Normand;Rodri;Dani Carvajal;Fabián Ruiz
Robin Le Normand;Rodri;Pedri;Marc Cucurella
Lamine Yamal;Robin Le Normand;Rodri;Pedri;Dani Carvajal;Unai Simón
Fabián Ruiz;Lamine Yamal;Pedri
Aymeric Laporte;Robin Le Normand;Dani Carvajal
Lamine Yamal;Aymeric Laporte;Pedri;Nico Williams;Marc Cucurella
Nico Williams;Fabián Ruiz
Lamine Yamal;Rodri;Dani Carvajal
Dani Carvajal;Pedri
Dani Carvajal;Rodri
Aymeric Laporte;Rodri;Nico Williams;Marc Cucurella
Pedri;Dani Carvajal;Marc Cucurella;Robin Le Normand;Unai Simón
Aymeric Laporte;Robin Le Normand;Fabián Ruiz;Pedri
Aymeric Laporte;Pedri;Fabián Ruiz
Fabián Ruiz;Pedri
Aymeric Laporte;Lamine Yamal
Lamine Yamal;Rodri;Fabián Ruiz
Robin Le Normand;Rodri;Pedri;Álvaro Morata
Pedri;Álvaro Morata
Robin Le Normand;Aymeric Laporte;Rodri;Marc Cucurella;Dani Carvajal;Fabián Ruiz
Aymeric Laporte;Rodri;Pedri
Dani Carvajal;Rodri
Dani Carvajal;Unai Simón;Fabián Ruiz;Marc Cucurella
Lamine Yamal;Rodri;Nico Williams
Robin Le Normand;Aymeric Laporte;Pedri;Nico Williams;Dani Carvajal
Lamine Yamal;Aymeric Laporte;Rodri;Pedri;Nico Williams;Marc Cucurella;Dani Carvajal;Unai Simón
Lamine Yamal;Rodri
Dani Carvajal;Robin Le Normand
Rodri;Álvaro Morata
Fabián Ruiz;Álvaro Morata
Pedri;Fabián Ruiz
Lamine Yamal;Aymeric Laporte;Marc Cucurella;Dani Carvajal;Unai Simón
Rodri;Pedri;Marc Cucurella
Pedri;Marc Cucurella
Dani Carvajal;Fabián Ruiz
Lamine Yamal;Aymeric Laporte;Rodri;Marc Cucurella;Dani Carvajal
Rodri;Álvaro Morata
Nico Williams;Álvaro Morata
Nico Williams;Pedri;Álvaro Morata
Rodri;Pedri;Marc Cucurella
Rodri;Nico Williams
Aymeric Laporte;Rodri;Nico Williams;Marc Cucurella;Robin Le Normand;Unai Simón
Aymeric Laporte;Rodri;Nico Williams;Marc Cucurella;Robin Le Normand;Dani Carvajal
Aymeric Laporte;Rodri
Aymeric Laporte;Dani Carvajal;Fabián Ruiz;Marc Cucurella
Rodri;Marc Cucurella
Aymeric Laporte;Dani Carvajal;Rodri;Lamine Yamal
Lamine Yamal;Pedri
Robin Le Normand;Álvaro Morata
Rodri;Fabián Ruiz
Lamine Yamal;Rodri;Pedri;Marc Cucurella;Robin Le Normand;Fabián Ruiz
Fabián Ruiz;Marc Cucurella
Lamine Yamal;Aymeric Laporte;Rodri;Pedri;Nico Williams;Marc Cucurella;Dani Carvajal;Fabián Ruiz
Lamine Yamal;Pedri
Aymeric Laporte;Robin Le Normand;Rodri;Pedri
Nico Williams;Marc Cucurella
Aymeric Laporte;Nico Williams
Lamine Yamal;Aymeric Laporte;Rodri;Nico Williams;Dani Carvajal;Fabián Ruiz
Dani Carvajal;Pedri;Álvaro Morata
Fabián Ruiz;Álvaro Morata
Lamine Yamal;Aymeric Laporte;Rodri;Pedri;Marc Cucurella;Robin Le Normand;Dani Carvajal
Robin Le Normand;Rodri;Pedri
Lamine Yamal;Aymeric Laporte;Rodri;Pedri;Álvaro Morata;Marc Cucurella;Dani Carvajal
Pedri;Álvaro Morata;Marc Cucurella
Aymeric Laporte;Rodri;Pedri;Marc Cucurella;Dani Carvajal;Fabián Ruiz
Aymeric Laporte;Rodri;Dani Carvajal;Marc Cucurella;Robin Le Normand;Unai Simón;Fabián Ruiz
Robin Le Normand;Rodri;Lamine Yamal
Lamine Yamal;Pedri
Lamine Yamal;Rodri;Pedri;Álvaro Morata;Fabián Ruiz
Lamine Yamal;Dani Olmo
Aymeric Laporte;Rodri;Dani Olmo;Dani Carvajal;Unai Simón
Dani Olmo;Álvaro Morata;Marc Cucurella;Robin Le Normand;Fabián Ruiz
Aymeric Laporte;Álvaro Morata
Aymeric Laporte;Rodri;Fabián Ruiz;Marc Cucurella
Fabián Ruiz;Álvaro Morata
Rodri;Nico Williams;Dani Olmo;Álvaro Morata;Marc Cucurella;Fabián Ruiz
Aymeric Laporte;Álvaro Morata;Marc Cucurella;Dani Carvajal;Unai Simón;Fabián Ruiz
Dani Carvajal;Unai Simón
Robin Le Normand;Unai Simón;Marc Cucurella
Lamine Yamal;Robin Le Normand;Aymeric Laporte;Rodri;Marc Cucurella;Dani Carvajal;Fabián Ruiz
Lamine Yamal;Robin Le Normand;Nico Williams;Marc Cucurella;Dani Carvajal;Fabián Ruiz
Aymeric Laporte;Marc Cucurella;Robin Le Normand;Dani Carvajal;Fabián Ruiz
Aymeric Laporte;Rodri;Marc Cucurella
Lamine Yamal;Rodri;Marc Cucurella;Robin Le Normand;Dani Carvajal;Fabián Ruiz
Lamine Yamal;Fabián Ruiz;Dani Olmo
Unai Simón;Fabián Ruiz
Lamine Yamal;Robin Le Normand;Aymeric Laporte;Rodri;Nico Williams;Marc Cucurella;Dani Carvajal;Fabián Ruiz
Lamine Yamal;Aymeric Laporte;Nico Williams;Marc Cucurella;Dani Carvajal;Fabián Ruiz
Dani Carvajal;Dani Olmo
Robin Le Normand;Rodri;Nico Williams;Marc Cucurella;Dani Carvajal;Fabián Ruiz
Lamine Yamal;Nico Williams;Fabián Ruiz
Fabián Ruiz;Dani Olmo
Rodri;Dani Olmo;Álvaro Morata;Marc Cucurella;Robin Le Normand;Dani Carvajal
Lamine Yamal;Aymeric Laporte;Rodri;Álvaro Morata;Marc Cucurella;Robin Le Normand;Dani Carvajal;Fabián Ruiz
Aymeric Laporte;Rodri;Nico Williams;Marc Cucurella;Dani Carvajal;Fabián Ruiz
Dani Carvajal;Lamine Yamal
Lamine Yamal;Rodri;Nico Williams;Álvaro Morata;Marc Cucurella;Fabián Ruiz
Aymeric Laporte;Nico Williams;Álvaro Morata;Marc Cucurella;Fabián Ruiz
Lamine Yamal;Nico Williams
Robin Le Normand;Rodri
Rodri;Dani Olmo
Alejandro Grimaldo;Aymeric Laporte;Rodri;Nico Williams;Dani Olmo;Fabián Ruiz
Robin Le Normand;Rodri;Unai Simón;Dani Carvajal
Dani Carvajal;Rodri;Robin Le Normand
Alejandro Grimaldo;Aymeric Laporte;Rodri;Robin Le Normand;Dani Carvajal;Fabián Ruiz
Dani Carvajal;Rodri;Alejandro Grimaldo;Lamine Yamal
Alejandro Grimaldo;Fabián Ruiz
Lamine Yamal;Rodri;Fabián Ruiz;Dani Olmo
Fabián Ruiz;Dani Olmo
Dani Carvajal;Rodri;Dani Olmo
Alejandro Grimaldo;Aymeric Laporte;Rodri;Nico Williams;Dani Olmo;Fabián Ruiz
Robin Le Normand;Rodri
Lamine Yamal;Alejandro Grimaldo;Aymeric Laporte;Rodri;Nico Williams;Robin Le Normand;Dani Carvajal;Fabián Ruiz
Lamine Yamal;Dani Olmo
Dani Carvajal;Lamine Yamal
Alejandro Grimaldo;Fabián Ruiz
Nico Williams;Fabián Ruiz
Alejandro Grimaldo;Aymeric Laporte;Rodri;Nico Williams;Unai Simón;Fabián Ruiz
Nico Williams;Fabián Ruiz;Dani Olmo
Nico Williams;Dani Olmo
Robin Le Normand;Aymeric Laporte;Rodri;Nico Williams;Dani Carvajal;Unai Simón;Fabián Ruiz
Lamine Yamal;Alejandro Grimaldo;Aymeric Laporte;Rodri;Robin Le Normand;Fabián Ruiz
Lamine Yamal;Rodri;Dani Olmo
Lamine Yamal;Dani Olmo;Mikel Merino
Robin Le Normand;Mikel Merino
Mikel Oyarzabal;Mikel Merino
Mikel Oyarzabal;Dani Olmo
Alejandro Grimaldo;Aymeric Laporte;Rodri;Robin Le Normand;Unai Simón
Aymeric Laporte;Alejandro Grimaldo;Unai Simón
Unai Simón;Mikel Merino
Rodri;Mikel Merino
Rodri;Alejandro Grimaldo
Alejandro Grimaldo;Mikel Merino
Nico Williams;Mikel Merino
Mikel Oyarzabal;Nico Williams;Jesús Navas
Alejandro Grimaldo;Aymeric Laporte;Rodri;Jesús Navas;Robin Le Normand
Rodri;Dani Olmo
Robin Le Normand;Rodri;Unai Simón;Dani Olmo
Lamine Yamal;Mikel Merino;Aymeric Laporte;Rodri;Dani Olmo;Jesús Navas;Robin Le Normand;Unai Simón
Lamine Yamal;Alejandro Grimaldo;Mikel Merino;Rodri;Unai Simón
Aymeric Laporte;Lamine Yamal;Rodri
Mikel Merino;Aymeric Laporte;Rodri;Nico Williams;Dani Olmo
Lamine Yamal;Mikel Merino;Jesús Navas
Lamine Yamal;Mikel Merino
Lamine Yamal;Dani Olmo
Robin Le Normand;Rodri;Jesús Navas
Lamine Yamal;Rodri;Mikel Merino
Mikel Oyarzabal;Rodri;Dani Olmo
Lamine Yamal;Dani Olmo;Mikel Merino
Lamine Yamal;Dani Olmo
Lamine Yamal;Jesús Navas
Alejandro Grimaldo;Rodri
Aymeric Laporte;Unai Simón;Marc Cucurella
Nico Williams;Álvaro Morata;Marc Cucurella
Nico Williams;Fabián Ruiz;Álvaro Morata
Pedri;Álvaro Morata
Aymeric Laporte;Marc Cucurella
Aymeric Laporte;Fabián Ruiz
Rodri;Pedri
Aymeric Laporte;Rodri;Unai Simón
Rodri;Nico Williams
Dani Carvajal;Fabián Ruiz
Dani Carvajal;Lamine Yamal
Aymeric Laporte;Rodri;Álvaro Morata;Marc Cucurella;Robin Le Normand
Unai Simón;Álvaro Morata
Aymeric Laporte;Nico Williams
Dani Carvajal;Álvaro Morata
Nico Williams;Fabián Ruiz;Álvaro Morata
Nico Williams;Marc Cucurella
Aymeric Laporte;Fabián Ruiz;Marc Cucurella
Robin Le Normand;Fabián Ruiz
Aymeric Laporte;Nico Williams;Robin Le Normand;Dani Carvajal;Fabián Ruiz
Lamine Yamal;Álvaro Morata;Dani Olmo
Lamine Yamal;Nico Williams;Álvaro Morata;Dani Olmo
Aymeric Laporte;Rodri
Aymeric Laporte;Álvaro Morata
Lamine Yamal;Unai Simón;Fabián Ruiz;Dani Olmo
Aymeric Laporte;Unai Simón
Aymeric Laporte;Rodri;Fabián Ruiz
Fabián Ruiz;Dani Olmo
Aymeric Laporte;Marc Cucurella;Unai Simón;Dani Olmo
Rodri;Fabián Ruiz
Aymeric Laporte;Robin Le Normand;Unai Simón;Fabián Ruiz
Aymeric Laporte;Rodri;Nico Williams;Marc Cucurella;Fabián Ruiz
Fabián Ruiz;Marc Cucurella
Fabián Ruiz;Álvaro Morata;Marc Cucurella
Nico Williams;Unai Simón
Rodri;Unai Simón;Nico Williams;Fabián Ruiz
Lamine Yamal;Rodri
Aymeric Laporte;Lamine Yamal;Rodri;Dani Carvajal
Robin Le Normand;Rodri;Dani Carvajal;Fabián Ruiz
Aymeric Laporte;Dani Carvajal;Rodri;Robin Le Normand
Álvaro Morata;Dani Olmo
Nico Williams;Unai Simón
Rodri;Unai Simón;Dani Olmo
Aymeric Laporte;Rodri;Dani Olmo;Robin Le Normand;Fabián Ruiz
Aymeric Laporte;Lamine Yamal;Álvaro Morata
Rodri;Dani Olmo;Marc Cucurella
Aymeric Laporte;Marc Cucurella;Robin Le Normand;Unai Simón;Fabián Ruiz
Robin Le Normand;Unai Simón;Fabián Ruiz
Dani Carvajal;Dani Olmo
Fabián Ruiz;Dani Olmo
Aymeric Laporte;Fabián Ruiz;Marc Cucurella
Nico Williams;Fabián Ruiz;Marc Cucurella
Nico Williams;Rodri
Lamine Yamal;Aymeric Laporte;Rodri;Nico Williams;Robin Le Normand;Dani Carvajal;Fabián Ruiz
Aymeric Laporte;Robin Le Normand;Rodri;Nico Williams
Aymeric Laporte;Nico Williams;Robin Le Normand;Dani Carvajal;Fabián Ruiz
Robin Le Normand;Aymeric Laporte;Rodri;Dani Olmo;Dani Carvajal;Unai Simón;Fabián Ruiz
Rodri;Marc Cucurella
Robin Le Normand;Unai Simón;Fabián Ruiz;Álvaro Morata
Rodri;Nico Williams
Aymeric Laporte;Rodri;Dani Carvajal;Marc Cucurella;Robin Le Normand;Unai Simón
Dani Carvajal;Lamine Yamal
Rodri;Fabián Ruiz;Álvaro Morata
Lamine Yamal;Álvaro Morata
Aymeric Laporte;Robin Le Normand;Unai Simón;Dani Carvajal
Dani Carvajal;Fabián Ruiz;Lamine Yamal
Lamine Yamal;Robin Le Normand;Rodri;Nico Williams;Dani Carvajal;Fabián Ruiz
Aymeric Laporte;Rodri;Dani Olmo;Marc Cucurella;Robin Le Normand;Dani Carvajal;Fabián Ruiz
Rodri;Álvaro Morata
Aymeric Laporte;Rodri;Álvaro Morata;Marc Cucurella;Fabián Ruiz
Aymeric Laporte;Lamine Yamal
Dani Carvajal;Nacho Fernández;Unai Simón
Lamine Yamal;Nico Williams;Álvaro Morata;Dani Olmo;Dani Carvajal
Aymeric Laporte;Unai Simón;Dani Olmo
Aymeric Laporte;Nacho Fernández
Aymeric Laporte;Rodri;Unai Simón;Marc Cucurella
Rodri;Unai Simón
Unai Simón;Marc Cucurella
Aymeric Laporte;Lamine Yamal;Álvaro Morata;Dani Olmo
Nico Williams;Álvaro Morata
Dani Carvajal;Fabián Ruiz
Lamine Yamal;Aymeric Laporte;Rodri;Nico Williams;Dani Olmo;Unai Simón;Fabián Ruiz
Lamine Yamal;Nico Williams
Nico Williams;Fabián Ruiz
Aymeric Laporte;Nacho Fernández;Álvaro Morata
Rodri;Fabián Ruiz;Marc Cucurella
Dani Carvajal;Fabián Ruiz
Fabián Ruiz;Dani Olmo
Fabián Ruiz;Álvaro Morata
Aymeric Laporte;Rodri;Dani Olmo
Aymeric Laporte;Fabián Ruiz
Dani Carvajal;Rodri;Fabián Ruiz;Lamine Yamal
Dani Carvajal;Unai Simón;Fabián Ruiz;Nacho Fernández
Dani Carvajal;Dani Olmo
Nacho Fernández;Fabián Ruiz
Nacho Fernández;Fabián Ruiz;Dani Olmo
Aymeric Laporte;Nico Williams;Nacho Fernández;Rodri
Ferran Torres;Rodri;Dani Olmo;Dani Carvajal;Fabián Ruiz
Unai Simón;Álvaro Morata
Rodri;Fabián Ruiz
Dani Carvajal;Unai Simón;Nacho Fernández
Aymeric Laporte;Rodri;Nico Williams;Nacho Fernández;Álvaro Morata;Marc Cucurella;Unai Simón;Fabián Ruiz
Nico Williams;Álvaro Morata
Ferran Torres;Rodri;Nico Williams;Álvaro Morata;Dani Olmo;Unai Simón;Fabián Ruiz
Rodri;Nacho Fernández;Álvaro Morata;Marc Cucurella;Dani Carvajal;Fabián Ruiz
Rodri;Fabián Ruiz
Fabián Ruiz;Álvaro Morata
Aymeric Laporte;Fabián Ruiz;Álvaro Morata;Marc Cucurella
Nico Williams;Marc Cucurella
Nico Williams;Fabián Ruiz;Marc Cucurella
Fabián Ruiz;Marc Cucurella
Aymeric Laporte;Unai Simón
Ferran Torres;Dani Carvajal;Rodri;Dani Olmo
Ferran Torres;Aymeric Laporte
Ferran Torres;Rodri;Nico Williams;Marc Cucurella;Dani Carvajal;Fabián Ruiz
Nico Williams;Fabián Ruiz
Ferran Torres;Rodri;Nico Williams;Álvaro Morata;Dani Carvajal;Fabián Ruiz
Dani Carvajal;Unai Simón
Ferran Torres;Rodri;Marc Cucurella
Ferran Torres;Rodri;Dani Olmo
Dani Carvajal;Fabián Ruiz
Dani Carvajal;Rodri;Fabián Ruiz
Rodri;Mikel Merino
Fabián Ruiz;Mikel Merino
Mikel Oyarzabal;Fabián Ruiz
Nacho Fernández;Marc Cucurella
Aymeric Laporte;Unai Simón
Unai Simón;Mikel Merino
Aymeric Laporte;Mikel Merino
Fabián Ruiz;Mikel Merino
Ferran Torres;Rodri;Fabián Ruiz
Nacho Fernández;Fabián Ruiz
Mikel Oyarzabal;Dani Olmo;Fabián Ruiz;Marc Cucurella
Mikel Oyarzabal;Dani Olmo
Mikel Oyarzabal;Mikel Merino;Dani Olmo;Dani Carvajal;Fabián Ruiz
Fabián Ruiz;Mikel Merino
Mikel Oyarzabal;Marc Cucurella;Unai Simón;Dani Olmo
Mikel Oyarzabal;Rodri;Mikel Merino
Rodri;Fabián Ruiz;Mikel Merino
Dani Carvajal;Rodri;Unai Simón
Rodri;Fabián Ruiz
Rodri;Mikel Merino
Dani Olmo;Fabián Ruiz;Mikel Merino
Mikel Oyarzabal;Rodri;Mikel Merino
Aymeric Laporte;Nacho Fernández;Marc Cucurella;Dani Carvajal;Unai Simón
Mikel Oyarzabal;Rodri;Dani Carvajal
Mikel Oyarzabal;Mikel Merino;Aymeric Laporte;Dani Olmo;Marc Cucurella;Fabián Ruiz
Ferran Torres;Dani Olmo
Aymeric Laporte;Mikel Oyarzabal;Mikel Merino
Unai Simón;Mikel Merino
Aymeric Laporte;Rodri;Unai Simón;Nacho Fernández
Rodri;Mikel Merino
Marc Cucurella;Dani Olmo;Mikel Merino
Aymeric Laporte;Fabián Ruiz;Dani Olmo
Aymeric Laporte;Unai Simón
Unai Simón;Dani Olmo;Fabián Ruiz;Mikel Merino
Mikel Oyarzabal;Rodri
Aymeric Laporte;Rodri;Dani Olmo;Marc Cucurella
Aymeric Laporte;Rodri;Fabián Ruiz
Nacho Fernández;Fabián Ruiz
Ferran Torres;Aymeric Laporte;Nacho Fernández;Marc Cucurella;Dani Carvajal;Unai Simón;Fabián Ruiz
Mikel Merino;Rodri;Nacho Fernández;Dani Olmo;Dani Carvajal;Fabián Ruiz
Aymeric Laporte;Rodri;Marc Cucurella;Dani Olmo
Aymeric Laporte;Marc Cucurella;Nacho Fernández;Dani Olmo
Aymeric Laporte;Rodri;Nacho Fernández;Dani Olmo;Marc Cucurella
Aymeric Laporte;Rodri;Nacho Fernández
Aymeric Laporte;Mikel Oyarzabal;Fabián Ruiz
Aymeric Laporte;Nacho Fernández;Fabián Ruiz
Unai Simón;Marc Cucurella
Marc Cucurella;Nacho Fernández;Unai Simón;Mikel Merino
Ferran Torres;Mikel Oyarzabal;Mikel Merino;Marc Cucurella;Dani Olmo;Dani Carvajal
Dani Carvajal;Mikel Oyarzabal;Mikel Merino
Aymeric Laporte;Unai Simón
Ferran Torres;Mikel Oyarzabal;Unai Simón
Rodri;Mikel Merino
Mikel Oyarzabal;Mikel Merino
Dani Carvajal;Rodri;Mikel Merino
Unai Simón;Nacho Fernández
Mikel Oyarzabal;Nacho Fernández
Mikel Oyarzabal;Mikel Merino;Aymeric Laporte;Rodri;Marc Cucurella;Dani Olmo
Aymeric Laporte;Marc Cucurella;Dani Olmo;Mikel Merino
Mikel Merino;Dani Olmo
Ferran Torres;Aymeric Laporte
Aymeric Laporte;Rodri;Marc Cucurella;Nacho Fernández;Dani Olmo
Mikel Oyarzabal;Dani Olmo
Mikel Oyarzabal;Dani Olmo
Mikel Merino;Dani Olmo
Ferran Torres;Mikel Oyarzabal;Rodri;Nacho Fernández;Dani Carvajal
Dani Carvajal;Rodri;Nacho Fernández;Mikel Oyarzabal
Dani Carvajal;Rodri;Nacho Fernández;Unai Simón
Mikel Oyarzabal;Dani Carvajal;Mikel Merino
Marc Cucurella;Mikel Merino
Dani Olmo;Marc Cucurella
Dani Olmo;Marc Cucurella
Mikel Merino;Dani Olmo
Nacho Fernández;Unai Simón
Joselu;Dani Carvajal
Joselu;Dani Carvajal
Ferran Torres;Mikel Oyarzabal
Dani Carvajal;Mikel Merino;Dani Olmo;Marc Cucurella
Joselu;Ferran Torres
Ferran Torres;Mikel Oyarzabal
Joselu;Unai Simón
Mikel Oyarzabal;Rodri
Rodri;Álvaro Morata;Dani Olmo
Aymeric Laporte;Marc Cucurella;Nico Williams;Jesús Navas;Dani Olmo
Lamine Yamal;Aymeric Laporte;Marc Cucurella;Nacho Fernández;Jesús Navas
Lamine Yamal;Nico Williams;Fabián Ruiz
Aymeric Laporte;Nico Williams;Nacho Fernández;Marc Cucurella;Fabián Ruiz
Aymeric Laporte;Rodri;Marc Cucurella;Nacho Fernández;Dani Olmo
Nico Williams;Dani Olmo
Nico Williams;Fabián Ruiz;Marc Cucurella
Lamine Yamal;Nico Williams;Fabián Ruiz
Rodri;Marc Cucurella
Aymeric Laporte;Rodri;Marc Cucurella;Nico Williams;Dani Olmo
Aymeric Laporte;Rodri;Nacho Fernández;Dani Olmo;Álvaro Morata;Marc Cucurella;Jesús Navas;Fabián Ruiz
Lamine Yamal;Aymeric Laporte;Rodri;Nacho Fernández;Dani Olmo;Marc Cucurella;Fabián Ruiz
Fabián Ruiz;Jesús Navas
Nico Williams;Fabián Ruiz
Aymeric Laporte;Rodri;Unai Simón;Nacho Fernández
Lamine Yamal;Rodri;Marc Cucurella;Nico Williams;Dani Olmo;Fabián Ruiz
Aymeric Laporte;Marc Cucurella;Nico Williams;Dani Olmo;Fabián Ruiz
Aymeric Laporte;Rodri;Nacho Fernández;Marc Cucurella;Unai Simón
Nico Williams;Marc Cucurella
Álvaro Morata;Marc Cucurella
Dani Olmo;Marc Cucurella
Jesús Navas;Dani Olmo
Aymeric Laporte;Marc Cucurella;Nacho Fernández;Jesús Navas
Lamine Yamal;Aymeric Laporte;Rodri;Nacho Fernández;Marc Cucurella;Fabián Ruiz
Aymeric Laporte;Marc Cucurella
Aymeric Laporte;Marc Cucurella
Aymeric Laporte;Rodri;Nacho Fernández;Marc Cucurella;Unai Simón
Aymeric Laporte;Rodri;Marc Cucurella;Nacho Fernández;Dani Olmo
Rodri;Nacho Fernández;Fabián Ruiz
Aymeric Laporte;Rodri;Nico Williams
Nico Williams;Álvaro Morata;Rodri
Lamine Yamal;Rodri;Jesús Navas
Fabián Ruiz;Dani Olmo
Rodri;Nico Williams
Aymeric Laporte;Rodri;Marc Cucurella;Nacho Fernández;Dani Olmo
Aymeric Laporte;Nacho Fernández;Fabián Ruiz;Marc Cucurella
Lamine Yamal;Nacho Fernández;Dani Olmo
Jesús Navas;Dani Olmo
Aymeric Laporte;Unai Simón
Aymeric Laporte;Unai Simón;Nacho Fernández
Unai Simón;Nacho Fernández
Lamine Yamal;Nacho Fernández;Unai Simón
Aymeric Laporte;Unai Simón;Marc Cucurella
Lamine Yamal;Aymeric Laporte;Rodri;Dani Olmo;Jesús Navas;Marc Cucurella;Unai Simón
Rodri;Marc Cucurella;Fabián Ruiz;Dani Olmo
Aymeric Laporte;Nico Williams;Fabián Ruiz;Dani Olmo
Nico Williams;Álvaro Morata
Aymeric Laporte;Nacho Fernández;Fabián Ruiz;Jesús Navas
Nacho Fernández;Jesús Navas
Aymeric Laporte;Rodri;Nacho Fernández;Álvaro Morata;Jesús Navas;Unai Simón
Lamine Yamal;Rodri;Dani Olmo;Jesús Navas
Aymeric Laporte;Rodri;Nacho Fernández;Fabián Ruiz
Aymeric Laporte;Nico Williams
Lamine Yamal;Nico Williams;Nacho Fernández;Fabián Ruiz
Nico Williams;Fabián Ruiz
Lamine Yamal;Marc Cucurella
Lamine Yamal;Nico Williams;Dani Olmo
Lamine Yamal;Marc Cucurella
Lamine Yamal;Fabián Ruiz
Lamine Yamal;Aymeric Laporte;Rodri;Marc Cucurella;Fabián Ruiz
Aymeric Laporte;Nico Williams;Fabián Ruiz
Aymeric Laporte;Nico Williams;Marc Cucurella
Rodri;Fabián Ruiz
Dani Olmo;Marc Cucurella
Nico Williams;Dani Olmo
Aymeric Laporte;Unai Simón;Marc Cucurella
Lamine Yamal;Unai Simón;Dani Olmo
Aymeric Laporte;Nacho Fernández;Unai Simón;Fabián Ruiz
Aymeric Laporte;Rodri;Dani Olmo;Álvaro Morata;Marc Cucurella;Fabián Ruiz
Aymeric Laporte;Unai Simón;Nacho Fernández;Jesús Navas
Lamine Yamal;Rodri;Álvaro Morata;Dani Olmo;Fabián Ruiz
Nico Williams;Fabián Ruiz
Aymeric Laporte;Lamine Yamal;Unai Simón
Lamine Yamal;Nacho Fernández;Jesús Navas
Lamine Yamal;Rodri;Jesús Navas
Lamine Yamal;Aymeric Laporte;Rodri;Jesús Navas;Dani Olmo;Fabián Ruiz
Lamine Yamal;Rodri;Dani Olmo;Jesús Navas
Jesús Navas;Dani Olmo
Aymeric Laporte;Marc Cucurella;Nico Williams;Dani Olmo;Unai Simón
Fabián Ruiz;Dani Olmo
Fabián Ruiz;Marc Cucurella
Aymeric Laporte;Marc Cucurella;Nacho Fernández;Dani Olmo;Fabián Ruiz
Dani Olmo;Marc Cucurella
Nico Williams;Marc Cucurella
Aymeric Laporte;Nico Williams;Nacho Fernández;Marc Cucurella;Fabián Ruiz
Aymeric Laporte;Unai Simón
Aymeric Laporte;Nico Williams
Aymeric Laporte;Unai Simón;Fabián Ruiz
Lamine Yamal;Aymeric Laporte;Marc Cucurella;Jesús Navas;Dani Olmo
Rodri;Jesús Navas
Lamine Yamal;Rodri
Rodri;Nacho Fernández;Fabián Ruiz
Unai Simón;Nacho Fernández
Lamine Yamal;Aymeric Laporte;Rodri;Nico Williams;Nacho Fernández;Dani Olmo;Álvaro Morata;Marc Cucurella;Fabián Ruiz
Aymeric Laporte;Nico Williams;Fabián Ruiz;Marc Cucurella
Rodri;Marc Cucurella
Aymeric Laporte;Rodri;Daniel Vivian
Aymeric Laporte;Marc Cucurella
Aymeric Laporte;Unai Simón
Fabián Ruiz;Marc Cucurella
Nico Williams;Marc Cucurella
Aymeric Laporte;Nico Williams;Fabián Ruiz
Dani Olmo;Marc Cucurella
Rodri;Nico Williams;Dani Olmo;Álvaro Morata;Marc Cucurella
Aymeric Laporte;Rodri;Daniel Vivian;Álvaro Morata;Marc Cucurella;Fabián Ruiz
Aymeric Laporte;Dani Olmo;Daniel Vivian;Marc Cucurella
Nacho Fernández;Dani Olmo
Lamine Yamal;Aymeric Laporte;Daniel Vivian;Unai Simón;Fabián Ruiz
Unai Simón;Daniel Vivian
Lamine Yamal;Aymeric Laporte;Rodri;Daniel Vivian;Nacho Fernández;Dani Olmo;Unai Simón;Fabián Ruiz
Lamine Yamal;Unai Simón;Nacho Fernández
Aymeric Laporte;Unai Simón
Aymeric Laporte;Unai Simón
Unai Simón;Nacho Fernández
Nacho Fernández;Fabián Ruiz
Rodri;Fabián Ruiz
Rodri;Nico Williams;Fabián Ruiz;Marc Cucurella
Aymeric Laporte;Unai Simón;Fabián Ruiz
Nico Williams;Álvaro Morata
Aymeric Laporte;Rodri
Rodri;Álvaro Morata
Rodri;Daniel Vivian;Dani Olmo;Álvaro Morata;Marc Cucurella;Fabián Ruiz
Lamine Yamal;Rodri;Nacho Fernández;Nico Williams
Lamine Yamal;Aymeric Laporte;Marc Cucurella;Rodri;Nacho Fernández;Dani Olmo;Fabián Ruiz
Aymeric Laporte;Rodri;Marc Cucurella;Daniel Vivian;Nacho Fernández;Dani Olmo;Unai Simón;Fabián Ruiz
Aymeric Laporte;Unai Simón
Mikel Merino;Rodri;Daniel Vivian;Nacho Fernández;Unai Simón;Fabián Ruiz
Unai Simón;Mikel Merino
Nico Williams;Mikel Merino
Mikel Oyarzabal;Nico Williams
Nacho Fernández;Mikel Merino
Rodri;Mikel Merino
Lamine Yamal;Mikel Merino
Lamine Yamal;Nacho Fernández;Mikel Merino
Mikel Oyarzabal;Mikel Merino;Aymeric Laporte;Rodri;Daniel Vivian;Nacho Fernández;Marc Cucurella;Fabián Ruiz
Lamine Yamal;Rodri;Fabián Ruiz;Mikel Merino
Aymeric Laporte;Unai Simón
Mikel Oyarzabal;Unai Simón;Mikel Merino
Aymeric Laporte;Rodri;Daniel Vivian;Marc Cucurella;Fabián Ruiz
Mikel Oyarzabal;Mikel Merino
Fabián Ruiz;Marc Cucurella
Aymeric Laporte;Mikel Oyarzabal;Mikel Merino
Rodri;Nico Williams;Fabián Ruiz
Aymeric Laporte;Fabián Ruiz;Marc Cucurella
Rodri;Fabián Ruiz
Mikel Oyarzabal;Rodri
Mikel Oyarzabal;Nico Williams
Nico Williams;Rodri
Rodri;Mikel Merino
Mikel Oyarzabal;Marc Cucurella;Mikel Merino
Fabián Ruiz;Mikel Merino
Rodri;Fabián Ruiz;Mikel Merino
Nico Williams;Marc Cucurella;Mikel Merino
Nico Williams;Rodri
Nacho Fernández;Martín Zubimendi
Mikel Oyarzabal;Mikel Merino;Aymeric Laporte;Rodri;Marc Cucurella;Fabián Ruiz
Rodri;Fabián Ruiz;Martín Zubimendi
Nacho Fernández;Unai Simón;Daniel Vivian;Martín Zubimendi
Mikel Oyarzabal;Daniel Vivian
Ferran Torres;Mikel Oyarzabal;Fabián Ruiz
Ferran Torres;Mikel Oyarzabal;Fabián Ruiz
Ferran Torres;Mikel Oyarzabal
Robin Le Normand;Unai Simón;Dani Carvajal
Dani Carvajal;Dani Olmo
Dani Carvajal;Dani Olmo
Rodri;Dani Olmo
Aymeric Laporte;Robin Le Normand;Rodri;Lamine Yamal
Dani Carvajal;Robin Le Normand
Dani Carvajal;Álvaro Morata
Robin Le Normand;Unai Simón;Dani Carvajal
Aymeric Laporte;Dani Carvajal;Álvaro Morata;Robin Le Normand;Unai Simón
Lamine Yamal;Aymeric Laporte;Rodri;Robin Le Normand;Dani Carvajal
Robin Le Normand;Aymeric Laporte;Dani Olmo;Álvaro Morata;Marc Cucurella;Dani Carvajal
Fabián Ruiz;Álvaro Morata
Aymeric Laporte;Rodri;Nico Williams;Álvaro Morata;Robin Le Normand;Dani Carvajal
Nico Williams;Fabián Ruiz;Marc Cucurella
Aymeric Laporte;Rodri;Marc Cucurella;Robin Le Normand;Dani Carvajal;Fabián Ruiz
Aymeric Laporte;Rodri;Nico Williams;Marc Cucurella;Robin Le Normand;Dani Carvajal
Lamine Yamal;Aymeric Laporte;Nico Williams;Marc Cucurella;Robin Le Normand;Dani Carvajal
Robin Le Normand;Aymeric Laporte;Nico Williams;Dani Carvajal;Fabián Ruiz
Rodri;Nico Williams;Dani Olmo
Robin Le Normand;Rodri;Fabián Ruiz
Fabián Ruiz;Dani Olmo
Dani Carvajal;Fabián Ruiz;Álvaro Morata;Dani Olmo
Aymeric Laporte;Robin Le Normand;Dani Carvajal;Fabián Ruiz
Aymeric Laporte;Robin Le Normand;Unai Simón;Dani Carvajal
Nico Williams;Fabián Ruiz;Marc Cucurella
Nico Williams;Rodri
Robin Le Normand;Rodri
Aymeric Laporte;Rodri;Nico Williams;Dani Carvajal;Robin Le Normand;Unai Simón
Rodri;Álvaro Morata
Aymeric Laporte;Lamine Yamal;Dani Olmo
Dani Carvajal;Fabián Ruiz
Aymeric Laporte;Dani Olmo;Dani Carvajal;Marc Cucurella;Robin Le Normand;Unai Simón;Fabián Ruiz
Fabián Ruiz;Marc Cucurella
Aymeric Laporte;Marc Cucurella;Dani Olmo;Robin Le Normand;Dani Carvajal;Fabián Ruiz
Dani Carvajal;Fabián Ruiz
Fabián Ruiz;Dani Olmo
Lamine Yamal;Rodri;Nico Williams;Dani Olmo;Marc Cucurella;Fabián Ruiz
Nico Williams;Marc Cucurella;Dani Olmo
Aymeric Laporte;Rodri;Nico Williams;Marc Cucurella;Robin Le Normand;Fabián Ruiz
Aymeric Laporte;Nico Williams
Nico Williams;Álvaro Morata
Fabián Ruiz;Álvaro Morata;Marc Cucurella
Lamine Yamal;Dani Carvajal;Nico Williams;Álvaro Morata
Lamine Yamal;Dani Olmo
Lamine Yamal;Nico Williams
Nico Williams;Marc Cucurella
Nico Williams;Álvaro Morata
Aymeric Laporte;Nico Williams;Marc Cucurella;Robin Le Normand;Unai Simón
Nico Williams;Álvaro Morata
Dani Carvajal;Álvaro Morata
Dani Carvajal;Lamine Yamal
Lamine Yamal;Dani Carvajal
Aymeric Laporte;Rodri;Marc Cucurella;Dani Carvajal;Unai Simón
Lamine Yamal;Nico Williams;Álvaro Morata;Marc Cucurella;Fabián Ruiz
Lamine Yamal;Fabián Ruiz
Dani Carvajal;Rodri;Fabián Ruiz
Dani Carvajal;Fabián Ruiz
Dani Carvajal;Unai Simón
Aymeric Laporte;Rodri;Nico Williams;Robin Le Normand;Unai Simón
Nico Williams;Álvaro Morata
Rodri;Dani Olmo
Dani Carvajal;Rodri;Fabián Ruiz
Robin Le Normand;Unai Simón
Robin Le Normand;Dani Carvajal
Aymeric Laporte;Dani Carvajal;Nico Williams;Unai Simón
Nico Williams;Rodri
Aymeric Laporte;Robin Le Normand;Rodri
Lamine Yamal;Aymeric Laporte;Rodri;Marc Cucurella;Dani Carvajal;Fabián Ruiz
Lamine Yamal;Nico Williams;Dani Olmo
Aymeric Laporte;Rodri;Álvaro Morata;Dani Olmo;Robin Le Normand;Fabián Ruiz
Lamine Yamal;Rodri;Marc Cucurella;Robin Le Normand;Dani Carvajal;Fabián Ruiz
Nico Williams;Marc Cucurella
Nico Williams;Marc Cucurella
Dani Carvajal;Nico Williams;Rodri
Lamine Yamal;Rodri;Nico Williams
Lamine Yamal;Aymeric Laporte;Rodri;Nico Williams;Dani Carvajal
Dani Carvajal;Lamine Yamal
Aymeric Laporte;Robin Le Normand;Fabián Ruiz
Aymeric Laporte;Rodri
Aymeric Laporte;Marc Cucurella
Nico Williams;Marc Cucurella
Nico Williams;Fabián Ruiz
Lamine Yamal;Nico Williams
Lamine Yamal;Robin Le Normand;Aymeric Laporte;Rodri;Nico Williams;Dani Olmo;Marc Cucurella;Dani Carvajal
Dani Carvajal;Nico Williams;Dani Olmo
Dani Carvajal;Lamine Yamal
Dani Carvajal;Rodri;Fabián Ruiz
Robin Le Normand;Nico Williams
Lamine Yamal;Rodri;Nico Williams;Marc Cucurella;Robin Le Normand;Dani Carvajal;Fabián Ruiz
Dani Carvajal;Lamine Yamal
Aymeric Laporte;Robin Le Normand;Unai Simón;Álvaro Morata
Robin Le Normand;Rodri
Robin Le Normand;Dani Carvajal
Aymeric Laporte;Unai Simón
Lamine Yamal;Robin Le Normand;Nico Williams;Marc Cucurella;Dani Carvajal
Robin Le Normand;Martín Zubimendi;Aymeric Laporte;Álvaro Morata;Dani Carvajal;Unai Simón
Marc Cucurella;Nico Williams;Dani Olmo
Martín Zubimendi;Aymeric Laporte;Nico Williams;Marc Cucurella;Robin Le Normand
Lamine Yamal;Aymeric Laporte;Nico Williams;Dani Carvajal;Fabián Ruiz
Lamine Yamal;Nico Williams
Aymeric Laporte;Nico Williams
Nico Williams;Fabián Ruiz
Aymeric Laporte;Nico Williams;Dani Carvajal;Álvaro Morata;Dani Olmo;Robin Le Normand;Unai Simón;Fabián Ruiz
Robin Le Normand;Martín Zubimendi
Fabián Ruiz;Martín Zubimendi
Dani Carvajal;Fabián Ruiz
Dani Carvajal;Fabián Ruiz
Robin Le Normand;Unai Simón
Martín Zubimendi;Robin Le Normand;Dani Olmo
Aymeric Laporte;Nico Williams;Unai Simón;Marc Cucurella;Robin Le Normand;Dani Carvajal;Fabián Ruiz
Unai Simón;Álvaro Morata
Álvaro Morata;Martín Zubimendi
Martín Zubimendi;Aymeric Laporte;Marc Cucurella;Robin Le Normand;Fabián Ruiz
Martín Zubimendi;Aymeric Laporte;Nico Williams;Marc Cucurella;Fabián Ruiz
Nico Williams;Fabián Ruiz;Álvaro Morata;Marc Cucurella
Aymeric Laporte;Fabián Ruiz;Álvaro Morata;Martín Zubimendi
Lamine Yamal;Aymeric Laporte;Robin Le Normand;Dani Carvajal;Fabián Ruiz
Dani Carvajal;Álvaro Morata
Aymeric Laporte;Fabián Ruiz;Marc Cucurella
Aymeric Laporte;Dani Olmo;Fabián Ruiz;Martín Zubimendi
Lamine Yamal;Álvaro Morata;Dani Olmo;Robin Le Normand;Fabián Ruiz
Dani Carvajal;Lamine Yamal
Nico Williams;Fabián Ruiz
Robin Le Normand;Álvaro Morata
Dani Carvajal;Lamine Yamal
Aymeric Laporte;Robin Le Normand;Unai Simón;Marc Cucurella
Robin Le Normand;Unai Simón
Unai Simón;Dani Olmo
Lamine Yamal;Dani Carvajal;Álvaro Morata
Robin Le Normand;Nico Williams;Álvaro Morata;Dani Carvajal;Fabián Ruiz
Dani Olmo;Álvaro Morata;Martín Zubimendi
Aymeric Laporte;Robin Le Normand;Unai Simón
Aymeric Laporte;Unai Simón
Nico Williams;Marc Cucurella
Nico Williams;Álvaro Morata;Dani Olmo
Lamine Yamal;Dani Olmo
Aymeric Laporte;Nico Williams
Dani Carvajal;Dani Olmo
Lamine Yamal;Fabián Ruiz;Dani Olmo
Nico Williams;Martín Zubimendi
Fabián Ruiz;Dani Olmo
Mikel Oyarzabal;Martín Zubimendi;Dani Olmo;Dani Carvajal;Fabián Ruiz
Lamine Yamal;Aymeric Laporte;Dani Olmo;Marc Cucurella;Robin Le Normand
Aymeric Laporte;Marc Cucurella
Aymeric Laporte;Unai Simón
Unai Simón;Dani Olmo
Mikel Oyarzabal;Martín Zubimendi
Mikel Oyarzabal;Aymeric Laporte;Marc Cucurella;Robin Le Normand;Unai Simón
Robin Le Normand;Dani Olmo
Dani Carvajal;Martín Zubimendi
Lamine Yamal;Aymeric Laporte;Dani Olmo;Dani Carvajal;Marc Cucurella;Robin Le Normand;Unai Simón;Fabián Ruiz
Lamine Yamal;Martín Zubimendi;Dani Olmo;Robin Le Normand;Dani Carvajal
Lamine Yamal;Robin Le Normand;Aymeric Laporte;Marc Cucurella;Dani Carvajal
Martín Zubimendi;Nico Williams;Marc Cucurella;Robin Le Normand;Dani Carvajal;Fabián Ruiz
Robin Le Normand;Martín Zubimendi;Aymeric Laporte;Marc Cucurella;Dani Carvajal;Fabián Ruiz
Dani Carvajal;Mikel Oyarzabal
Aymeric Laporte;Martín Zubimendi
Aymeric Laporte;Robin Le Normand;Unai Simón;Martín Zubimendi
Aymeric Laporte;Fabián Ruiz;Martín Zubimendi
Nico Williams;Dani Olmo
Lamine Yamal;Nico Williams;Dani Olmo
Lamine Yamal;Martín Zubimendi;Nico Williams;Dani Carvajal;Fabián Ruiz
Nico Williams;Martín Zubimendi
Martín Zubimendi;Aymeric Laporte;Nico Williams;Robin Le Normand;Dani Carvajal;Fabián Ruiz
Unai Simón;Fabián Ruiz;Nacho Fernández
Aymeric Laporte;Fabián Ruiz;Dani Olmo
Martín Zubimendi;Dani Olmo
Lamine Yamal;Martín Zubimendi;Nico Williams;Nacho Fernández;Dani Olmo;Dani Carvajal;Fabián Ruiz
Dani Carvajal;Nico Williams;Lamine Yamal
Nico Williams;Dani Olmo
Lamine Yamal;Marc Cucurella;Dani Olmo;Unai Simón;Fabián Ruiz
Aymeric Laporte;Dani Carvajal;Fabián Ruiz
Mikel Oyarzabal;Marc Cucurella;Fabián Ruiz;Dani Olmo
Mikel Oyarzabal;Marc Cucurella
Dani Carvajal;Mikel Oyarzabal
